temperature,current_cost,best_cost
9.9,39371,28463
9.801,28474,23534
9.70299,23540,20907
9.605960099999999,20907,19366
9.509900498999999,19366,18342
9.414801494009998,18342,17666
9.320653479069898,17686,17133
9.2274469442792,17157,16327
9.135172474836407,16327,15863
9.043820750088043,15879,15547
8.953382542587162,15566,15161
8.863848717161291,15218,15057
8.775210229989678,15057,14839
8.687458127689782,14877,14781
8.600583546412883,14814,14351
8.514577710948755,14369,14131
8.429431933839268,14201,14131
8.345137614500876,14342,14131
8.261686238355868,14517,14131
8.17906937597231,14503,14131
8.097278682212586,14323,14131
8.01630589539046,14177,13881
7.936142836436555,13886,13822
7.856781408072189,13839,13783
7.778213593991468,13847,13735
7.700431458051553,13857,13665
7.623427143471037,13695,13649
7.547192872036327,13657,13419
7.4717209433159635,13465,13352
7.397003733882804,13374,12963
7.323033696543976,12973,12848
7.249803359578536,12868,12704
7.177305325982751,12774,12691
7.105532272722923,12731,12523
7.034476949995693,12593,12464
6.964132180495737,12464,12195
6.894490858690779,12197,12149
6.825545950103871,12183,12125
6.757290490602832,12179,12103
6.689717585696804,12149,12103
6.622820409839836,12191,12037
6.556592205741437,12050,11898
6.491026283684023,11992,11757
6.426116020847182,11803,11618
6.361854860638711,11626,11548
6.298236312032324,11649,11548
6.235253948912001,11728,11548
6.172901409422881,11672,11548
6.111172395328652,11639,11543
6.050060671375365,11545,11519
5.989560064661611,11541,11471
5.929664464014995,11471,11290
5.870367819374845,11310,11242
5.8116641411810965,11293,11242
5.753547499769286,11270,11242
5.696012024771592,11366,11242
5.6390519045238765,11317,11242
5.582661385478637,11285,11222
5.526834771623851,11266,11204
5.471566423907612,11241,11133
5.416850759668536,11133,11071
5.362682252071851,11097,10987
5.309055429551132,10987,10816
5.2559648752556205,10816,10754
5.203405226503064,10754,10682
5.151371174238034,10742,10566
5.099857462495653,10584,10532
5.048858887870697,10543,10532
4.99837029899199,10540,10452
4.94838659600207,10456,10380
4.89890273004205,10391,10360
4.849913702741629,10366,10264
4.801414565714213,10308,10239
4.75340042005707,10239,10217
4.7058664158565,10257,10217
4.6588077516979345,10334,10217
4.612219674180955,10304,10217
4.566097477439145,10244,10217
4.5204365026647535,10239,10149
4.475232137638106,10149,10092
4.430479816261725,10108,10002
4.386175018099108,10002,9895
4.342313267918117,9901,9895
4.298890135238936,9935,9889
4.255901233886546,9911,9797
4.213342221547681,9797,9775
4.171208799332204,9811,9739
4.129496711338882,9743,9702
4.0882017442254925,9702,9630
4.047319726783238,9643,9572
4.006846529515405,9614,9534
3.966778064220251,9534,9514
3.9271102835780485,9522,9494
3.887839180742268,9514,9444
3.848960788934845,9444,9396
3.8104711810454965,9419,9331
3.7723664692350414,9337,9303
3.7346428045426907,9338,9259
3.6972963764972637,9267,9173
3.660323412732291,9173,9067
3.623720178604968,9087,9041
3.5874829768189187,9043,8999
3.5516081470507297,9009,8957
3.5160920655802226,8957,8900
3.4809311449244205,8936,8897
3.446121833475176,8901,8833
3.4116606151404243,8843,8799
3.37754400898902,8813,8757
3.34376856889913,8757,8747
3.3103308832101384,8785,8747
3.277227574378037,8767,8709
3.2444552986342567,8709,8703
3.2120107456479143,8715,8685
3.179890638191435,8689,8647
3.148091731809521,8667,8641
3.1166108144914255,8657,8614
3.0854447063465114,8630,8596
3.0545902592830463,8599,8557
3.024044356690216,8576,8508
2.9938039131233136,8512,8492
2.9638658739920807,8498,8460
2.93422721525216,8475,8460
2.9048849430996384,8497,8460
2.875836093668642,8466,8427
2.847077732731955,8427,8403
2.818606955404636,8421,8399
2.7904208858505894,8417,8375
2.7625166769920835,8379,8373
2.7348915102221625,8374,8321
2.707542595119941,8327,8309
2.6804671691687414,8317,8277
2.653662497477054,8277,8233
2.6271258725022832,8233,8225
2.6008546137772606,8251,8197
2.5748460676394878,8225,8197
2.549097606963093,8217,8159
2.523606630893462,8173,8125
2.498370564584527,8147,8087
2.4733868589386816,8091,8071
2.4486529903492946,8073,8071
2.4241664604458015,8084,8071
2.3999247958413434,8086,8043
2.37592554788293,8059,7999
2.352166292404101,8017,7969
2.32864462948006,7973,7897
2.305358183185259,7903,7885
2.2823046013534065,7897,7856
2.2594815553398724,7856,7852
2.2368867397864736,7866,7852
2.2145178723886088,7864,7830
2.1923726936647228,7830,7770
2.1704489667280753,7770,7756
2.1487444770607946,7756,7739
2.1272570322901867,7763,7705
2.1059844619672847,7731,7705
2.0849246173476117,7707,7668
2.0640753711741358,7672,7621
2.0434346174623945,7621,7593
2.0230002712877706,7593,7581
2.002770268574893,7589,7557
1.982742565889144,7557,7489
1.9629151402302525,7489,7460
1.94328598882795,7466,7417
1.9238531289396703,7417,7379
1.9046145976502735,7381,7339
1.8855684516737707,7343,7283
1.866712767157033,7283,7262
1.8480456394854625,7265,7229
1.829565183090608,7231,7202
1.8112695312597018,7206,7190
1.7931568359471048,7194,7160
1.7752252675876339,7160,7140
1.7574730149117574,7142,7130
1.7398982847626399,7130,7086
1.7224993019150134,7086,7070
1.7052743088958633,7074,7052
1.6882215658069046,7052,7038
1.6713393501488356,7038,7012
1.6546259566473474,7024,7012
1.6380796970808738,7018,6992
1.621698900110065,6992,6972
1.6054819111089644,6972,6943
1.5894270919978748,6943,6923
1.573532821077896,6925,6922
1.557797492867117,6922,6916
1.542219517938446,6918,6902
1.5267973227590614,6902,6894
1.5115293495314708,6894,6875
1.496414056036156,6877,6859
1.4814499154757945,6859,6841
1.4666354163210367,6841,6823
1.4519690621578263,6823,6819
1.437449371536248,6826,6808
1.4230748778208855,6814,6807
1.4088441290426765,6807,6797
1.3947556877522498,6799,6789
1.3808081308747273,6789,6761
1.36700004956598,6761,6757
1.3533300490703202,6759,6733
1.339796748579617,6733,6707
1.3263987810938207,6707,6699
1.3131347932828825,6699,6694
1.3000034453500537,6698,6672
1.2870034108965531,6672,6665
1.2741333767875875,6667,6648
1.2613920430197116,6648,6624
1.2487781225895145,6624,6611
1.2362903413636193,6611,6599
1.2239274379499832,6601,6573
1.2116881635704833,6575,6571
1.1995712819347784,6571,6557
1.1875755691154306,6557,6549
1.1756998134242762,6551,6519
1.1639428152900335,6519,6515
1.152303387137133,6517,6501
1.1407803532657617,6501,6470
1.129372549733104,6470,6460
1.1180788242357729,6460,6448
1.106898035993415,6448,6426
1.0958290556334809,6426,6420
1.084870765077146,6422,6408
1.0740220574263746,6408,6402
1.0632818368521109,6402,6386
1.0526490184835897,6386,6352
1.0421225282987538,6354,6352
1.0317013030157662,6352,6342
1.0213842899856085,6342,6313
1.0111704470857523,6313,6285
1.0010587426148947,6285,6261
0.9910481551887458,6261,6241
0.9811376736368583,6241,6225
0.9713262969004898,6225,6219
0.9616130339314849,6219,6211
0.95199690359217,6212,6190
0.9424769345562484,6190,6187
0.9330521652106859,6187,6165
0.923721643558579,6169,6157
0.9144844271229932,6157,6154
0.9053395828517632,6156,6148
0.8962861870232456,6154,6140
0.8873233251530132,6140,6134
0.878450091901483,6134,6114
0.8696655909824682,6114,6104
0.8609689350726435,6108,6086
0.852359245721917,6086,6075
0.8438356532646978,6075,6069
0.8353972967320508,6069,6043
0.8270433237647302,6043,6039
0.8187728905270829,6039,6025
0.810585161621812,6025,6009
0.8024793100055939,6009,5999
0.7944545169055379,5999,5989
0.7865099717364825,5989,5981
0.7786448720191177,5981,5969
0.7708584232989265,5969,5959
0.7631498390659373,5959,5947
0.7555183406752779,5947,5934
0.7479631572685251,5934,5928
0.7404835256958399,5928,5928
0.7330786904388814,5928,5918
0.7257479035344926,5918,5910
0.7184904244991477,5910,5902
0.7113055202541562,5902,5898
0.7041924650516146,5902,5898
0.6971505404010985,5902,5886
0.6901790349970874,5886,5878
0.6832772446471166,5878,5866
0.6764444722006454,5866,5840
0.669680027478639,5840,5834
0.6629832272038526,5834,5822
0.6563533949318141,5822,5814
0.6497898609824959,5814,5806
0.643291962372671,5806,5777
0.6368590427489442,5777,5769
0.6304904523214547,5769,5763
0.6241855477982402,5763,5763
0.6179436923202578,5763,5753
0.6117642553970553,5753,5749
0.6056466128430847,5749,5726
0.5995901467146539,5726,5703
0.5935942452475074,5703,5686
0.5876583027950323,5686,5674
0.5817817197670819,5674,5668
0.5759639025694111,5668,5668
0.570204263543717,5668,5644
0.5645022209082798,5644,5631
0.558857198699197,5631,5611
0.553268626712205,5611,5605
0.547735940445083,5605,5595
0.5422585810406322,5595,5583
0.5368359952302258,5583,5575
0.5314676352779236,5575,5565
0.5261529589251444,5565,5555
0.5208914293358929,5555,5547
0.515682515042534,5547,5529
0.5105256898921087,5529,5529
0.5054204329931876,5529,5521
0.5003662286632558,5521,5515
0.4953625663766232,5515,5510
0.49040894071285696,5510,5504
0.4855048513057284,5504,5490
0.4806498027926711,5490,5482
0.4758433047647444,5482,5476
0.47108487171709695,5476,5472
0.466374022999926,5472,5456
0.4617102827699267,5456,5454
0.4570931799422274,5454,5444
0.4525222481428052,5444,5436
0.4479970256613771,5436,5434
0.4435170554047633,5434,5430
0.4390818848507157,5430,5420
0.4346910660022085,5422,5414
0.43034415534218645,5414,5414
0.42604071378876457,5414,5398
0.4217803066508769,5398,5388
0.41756250358436814,5388,5380
0.41338687854852446,5380,5373
0.4092530097630392,5373,5369
0.4051604796654088,5369,5367
0.4011088748687547,5367,5357
0.39709778612006713,5357,5355
0.3931268082588665,5355,5347
0.38919554017627783,5347,5333
0.38530358477451504,5333,5323
0.3814505489267699,5323,5319
0.3776360434375022,5319,5319
0.37385968300312716,5319,5309
0.3701210861730959,5309,5307
0.36641987531136494,5307,5303
0.3627556765582513,5303,5293
0.3591281197926688,5293,5283
0.3555368385947421,5283,5281
0.35198147020879467,5281,5277
0.3484616555067067,5277,5267
0.34497703895163967,5267,5263
0.3415272685621233,5265,5263
0.33811199587650204,5265,5257
0.33473087591773704,5257,5253
0.33138356715855966,5253,5247
0.32806973148697405,5247,5239
0.3247890341721043,5239,5237
0.32154114383038324,5237,5233
0.3183257323920794,5233,5231
0.3151424750681586,5231,5221
0.31199105031747704,5221,5219
0.30887113981430225,5219,5211
0.3057824284161592,5211,5197
0.30272460413199764,5197,5189
0.29969735809067766,5189,5181
0.2967003845097709,5181,5181
0.29373338066467314,5181,5181
0.2907960468580264,5181,5181
0.28788808638944613,5181,5171
0.28500920552555165,5171,5169
0.28215911347029615,5169,5167
0.27933752233559317,5167,5161
0.27654414711223724,5161,5145
0.27377870564111484,5145,5139
0.2710409185847037,5139,5135
0.26833050939885666,5135,5128
0.2656472043048681,5128,5128
0.2629907322618194,5128,5124
0.2603608249392012,5124,5120
0.25775721668980917,5120,5116
0.2551796445229111,5116,5114
0.25262784807768196,5114,5105
0.25010156959690516,5105,5101
0.2476005539009361,5101,5099
0.24512454836192674,5099,5097
0.24267330287830746,5097,5085
0.2402465698495244,5085,5083
0.23784410415102913,5083,5083
0.23546566310951883,5083,5083
0.23311100647842364,5083,5081
0.2307798964136394,5081,5077
0.228472097449503,5077,5073
0.22618737647500797,5073,5071
0.22392550271025788,5071,5063
0.22168624768315529,5063,5063
0.21946938520632372,5063,5061
0.21727469135426047,5061,5061
0.21510194444071787,5061,5061
0.2129509249963107,5061,5055
0.21082141574634758,5055,5049
0.2087132015888841,5049,5045
0.20662606957299526,5045,5031
0.2045598088772653,5031,5027
0.20251421078849263,5027,5002
0.2004890686806077,5002,4999
0.19848417799380164,4999,4995
0.19649933621386362,4995,4991
0.19453434285172497,4991,4989
0.19258899942320773,4989,4989
0.19066310942897566,4989,4983
0.1887564783346859,4983,4975
0.18686891355133903,4975,4969
0.18500022441582564,4969,4963
0.18315022217166738,4963,4961
0.1813187199499507,4961,4957
0.17950553275045117,4957,4957
0.17771047742294666,4957,4953
0.1759333726487172,4953,4949
0.17417403892223002,4949,4947
0.1724322985330077,4947,4947
0.17070797554767764,4947,4947
0.16900089579220087,4947,4947
0.16731088683427886,4947,4947
0.16563777796593607,4947,4933
0.16398140018627672,4933,4931
0.16234158618441394,4931,4927
0.1607181703225698,4927,4927
0.15911098861934408,4927,4919
0.15751987873315065,4919,4917
0.15594467994581915,4917,4917
0.15438523314636096,4917,4915
0.15284138081489734,4915,4915
0.15131296700674837,4915,4915
0.1497998373366809,4915,4911
0.1483018389633141,4911,4905
0.14681882057368095,4905,4901
0.14535063236794415,4901,4897
0.14389712604426472,4897,4893
0.14245815478382207,4893,4889
0.14103357323598384,4889,4881
0.139623237503624,4881,4873
0.13822700512858774,4873,4873
0.13684473507730185,4873,4867
0.13547628772652884,4867,4867
0.13412152484926354,4867,4859
0.1327803096007709,4859,4859
0.13145250650476317,4859,4859
0.13013798143971553,4859,4859
0.12883660162531838,4859,4859
0.1275482356090652,4859,4857
0.12627275325297455,4857,4857
0.1250100257204448,4857,4853
0.12375992546324036,4853,4853
0.12252232620860795,4853,4853
0.12129710294652186,4853,4849
0.12008413191705665,4849,4849
0.11888329059788608,4849,4845
0.11769445769190721,4845,4839
0.11651751311498815,4839,4835
0.11535233798383826,4835,4833
0.11419881460399987,4833,4833
0.11305682645795988,4833,4829
0.11192625819338027,4829,4827
0.11080699561144647,4827,4823
0.109698925655332,4823,4819
0.10860193639877867,4819,4815
0.10751591703479088,4815,4815
0.10644075786444297,4815,4811
0.10537635028579855,4811,4809
0.10432258678294055,4809,4808
0.10327936091511115,4808,4808
0.10224656730596005,4808,4808
0.10122410163290044,4808,4802
0.10021186061657143,4802,4802
0.09920974201040572,4802,4798
0.09821764459030166,4798,4798
0.09723546814439864,4798,4798
0.09626311346295464,4798,4796
0.0953004823283251,4796,4780
0.09434747750504184,4780,4774
0.09340400272999143,4774,4770
0.09246996270269152,4770,4770
0.0915452630756646,4770,4770
0.09062981044490795,4770,4766
0.08972351234045887,4766,4760
0.08882627721705429,4760,4750
0.08793801444488374,4750,4749
0.0870586343004349,4749,4747
0.08618804795743054,4747,4743
0.08532616747785624,4743,4741
0.08447290580307767,4741,4739
0.0836281767450469,4739,4733
0.08279189497759643,4733,4731
0.08196397602782046,4731,4731
0.08114433626754226,4731,4723
0.08033289290486684,4723,4723
0.07952956397581817,4723,4719
0.07873426833606,4719,4719
0.0779469256526994,4719,4717
0.0771674563961724,4717,4717
0.07639578183221067,4717,4717
0.07563182401388856,4717,4709
0.07487550577374967,4709,4707
0.07412675071601217,4707,4707
0.07338548320885205,4707,4705
0.07265162837676353,4705,4701
0.0719251120929959,4701,4699
0.07120586097206594,4699,4691
0.07049380236234527,4691,4689
0.06978886433872182,4689,4689
0.06909097569533461,4689,4689
0.06840006593838126,4689,4689
0.06771606527899744,4689,4689
0.06703890462620747,4689,4683
0.0663685155799454,4683,4683
0.06570483042414595,4683,4679
0.06504778211990449,4679,4677
0.06439730429870544,4677,4671
0.06375333125571839,4671,4671
0.0631157979431612,4671,4671
0.06248463996372959,4671,4667
0.0618597935640923,4667,4657
0.06124119562845137,4657,4657
0.060628783672166855,4657,4654
0.06002249583544519,4654,4654
0.05942227087709073,4654,4648
0.058828048168319824,4648,4643
0.05823976768663663,4643,4641
0.05765737000977026,4641,4637
0.057080796309672555,4637,4633
0.05650998834657583,4633,4629
0.05594488846311007,4629,4625
0.05538543957847897,4625,4621
0.054831585182694174,4621,4615
0.05428326933086723,4615,4615
0.05374043663755856,4615,4613
0.05320303227118297,4613,4611
0.05267100194847114,4611,4609
0.052144291928986425,4609,4607
0.05162284900969656,4607,4605
0.0511066205195996,4605,4605
0.0505955543144036,4605,4605
0.05008959877125956,4605,4601
0.04958870278354697,4601,4601
0.0490928157557115,4601,4597
0.048601887598154384,4597,4597
0.04811586872217284,4597,4595
0.047634710034951115,4595,4593
0.04715836293460161,4593,4591
0.04668677930525559,4591,4587
0.04621991151220303,4587,4586
0.045757712397081,4586,4582
0.045300135273110186,4582,4580
0.04484713392037908,4580,4578
0.044398662581175294,4578,4578
0.043954675955363544,4578,4572
0.04351512919580991,4572,4570
0.04307997790385181,4570,4568
0.042649178124813295,4568,4562
0.04222268634356516,4562,4562
0.041800459480129504,4562,4560
0.041382454885328206,4560,4558
0.04096863033647492,4558,4556
0.040558944033110174,4556,4556
0.04015335459277907,4556,4552
0.03975182104685128,4552,4548
0.03935430283638277,4548,4546
0.03896075980801894,4546,4544
0.03857115220993875,4544,4534
0.03818544068783936,4534,4532
0.03780358628096097,4532,4532
0.03742555041815136,4532,4528
0.03705129491396985,4528,4522
0.03668078196483015,4522,4520
0.036313974145181845,4520,4520
0.03595083440373002,4520,4518
0.03559132605969272,4518,4518
0.0352354127990958,4518,4516
0.03488305867110484,4516,4514
0.03453422808439379,4514,4512
0.034188885803549854,4512,4512
0.03384699694551435,4512,4510
0.03350852697605921,4510,4508
0.033173441706298615,4508,4506
0.032841707289235626,4506,4506
0.03251329021634327,4506,4506
0.03218815731417984,4506,4504
0.031866275741038036,4504,4504
0.031547612983627654,4504,4504
0.03123213685379138,4504,4504
0.030919815485253466,4504,4500
0.030610617330400932,4500,4500
0.03030451115709692,4500,4500
0.030001466045525952,4500,4496
0.02970145138507069,4496,4494
0.029404436871219984,4494,4490
0.029110392502507784,4490,4490
0.028819288577482706,4490,4490
0.028531095691707878,4490,4490
0.028245784734790797,4490,4480
0.02796332688744289,4480,4480
0.027683693618568463,4480,4478
0.02740685668238278,4478,4478
0.02713278811555895,4478,4476
0.026861460234403358,4476,4474
0.026592845632059325,4474,4472
0.02632691717573873,4472,4466
0.026063648003981345,4466,4464
0.02580301152394153,4464,4464
0.025544981408702115,4464,4464
0.025289531594615094,4464,4464
0.025036636278668943,4464,4464
0.024786269915882255,4464,4460
0.024538407216723433,4460,4458
0.024293023144556197,4458,4452
0.024050092913110634,4452,4450
0.023809591983979528,4450,4450
0.023571496064139733,4450,4447
0.023335781103498335,4447,4447
0.023102423292463353,4447,4445
0.02287139905953872,4445,4445
0.02264268506894333,4445,4445
0.022416258218253896,4445,4441
0.022192095636071357,4441,4441
0.021970174679710644,4441,4437
0.021750472932913538,4437,4435
0.021532968203584402,4435,4433
0.021317638521548558,4433,4431
0.02110446213633307,4431,4431
0.02089341751496974,4431,4431
0.020684483339820044,4431,4428
0.02047763850642184,4428,4422
0.020272862121357624,4422,4419
0.020070133500144048,4419,4417
0.019869432165142607,4417,4415
0.01967073784349118,4415,4415
0.019474030465056268,4415,4414
0.019279290160405704,4414,4412
0.019086497258801648,4412,4410
0.01889563228621363,4410,4406
0.018706675963351495,4406,4404
0.01851960920371798,4404,4404
0.0183344131116808,4404,4392
0.018151068980563994,4392,4392
0.017969558290758355,4392,4392
0.01778986270785077,4392,4392
0.017611964080772265,4392,4388
0.017435844439964543,4388,4386
0.017261485995564898,4386,4386
0.017088871135609248,4386,4386
0.016917982424253155,4386,4386
0.016748802600010625,4386,4386
0.01658131457401052,4386,4382
0.016415501428270415,4382,4378
0.016251346413987712,4378,4378
0.016088832949847833,4378,4378
0.015927944620349355,4378,4378
0.015768665174145862,4378,4376
0.015610978522404404,4376,4370
0.01545486873718036,4370,4370
0.015300320049808556,4370,4368
0.01514731684931047,4368,4366
0.014995843680817366,4366,4366
0.014845885244009193,4366,4366
0.014697426391569101,4366,4366
0.01455045212765341,4366,4366
0.014404947606376877,4366,4366
0.014260898130313109,4366,4364
0.014118289149009977,4364,4364
0.013977106257519877,4364,4364
0.013837335194944678,4364,4364
0.01369896184299523,4364,4363
0.013561972224565278,4363,4363
0.013426352502319626,4363,4361
0.01329208897729643,4361,4359
0.013159168087523467,4359,4359
0.013027576406648231,4359,4359
0.012897300642581749,4359,4359
0.012768327636155931,4359,4359
0.012640644359794373,4359,4359
0.012514237916196429,4359,4359
0.012389095537034465,4359,4355
0.01226520458166412,4355,4353
0.012142552535847478,4353,4349
0.012021127010489003,4349,4349
0.011900915740384113,4349,4349
0.011781906582980272,4349,4349
0.011664087517150468,4349,4349
0.011547446641978964,4349,4343
0.011431972175559175,4343,4343
0.011317652453803582,4343,4343
0.011204475929265547,4343,4341
0.011092431169972891,4341,4341
0.010981506858273163,4341,4341
0.01087169178969043,4341,4341
0.010762974871793526,4341,4341
0.010655345123075591,4341,4341
0.010548791671844835,4341,4337
0.010443303755126386,4337,4337
0.010338870717575123,4337,4333
0.010235482010399371,4333,4333
0.010133127190295377,4333,4333
0.010031795918392422,4333,4333
0.009931477959208498,4333,4327
0.009832163179616413,4327,4327
0.00973384154782025,4327,4315
0.009636503132342046,4315,4315
0.009540138101018626,4315,4314
0.009444736720008439,4314,4314
0.009350289352808355,4314,4314
0.009256786459280271,4314,4314
0.009164218594687468,4314,4314
0.009072576408740592,4314,4314
0.008981850644653186,4314,4308
0.008892032138206654,4308,4306
0.008803111816824588,4306,4302
0.008715080698656341,4302,4302
0.008627929891669777,4302,4300
0.008541650592753079,4300,4299
0.008456234086825548,4299,4299
0.008371671745957293,4299,4295
0.00828795502849772,4295,4295
0.008205075478212743,4295,4295
0.008123024723430615,4295,4295
0.00804179447619631,4295,4293
0.007961376531434347,4293,4293
0.007881762766120003,4293,4291
0.007802945138458803,4291,4291
0.007724915687074215,4291,4291
0.007647666530203473,4291,4289
0.0075711898649014385,4289,4287
0.007495477966252424,4287,4285
0.0074205231865899,4285,4285
0.007346317954724001,4285,4285
0.007272854775176761,4285,4285
0.007200126227424993,4285,4281
0.007128124965150743,4281,4279
0.0070568437154992355,4279,4279
0.006986275278344243,4279,4279
0.0069164125255608,4279,4279
0.006847248400305192,4279,4277
0.00677877591630214,4277,4277
0.006710988157139119,4277,4273
0.006643878275567727,4273,4271
0.00657743949281205,4271,4271
0.006511665097883929,4271,4271
0.00644654844690509,4271,4271
0.006382082962436039,4271,4271
0.006318262132811678,4271,4261
0.006255079511483561,4261,4259
0.006192528716368726,4259,4259
0.006130603429205039,4259,4259
0.006069297394912988,4259,4259
0.006008604420963858,4259,4257
0.00594851837675422,4257,4257
0.005889033192986677,4257,4257
0.00583014286105681,4257,4257
0.005771841432446242,4257,4257
0.005714123018121779,4257,4253
0.005656981787940561,4253,4253
0.005600411970061155,4253,4253
0.005544407850360544,4253,4249
0.005488963771856938,4249,4247
0.0054340741341383685,4247,4247
0.005379733392796984,4247,4247
0.0053259360588690146,4247,4247
0.005272676698280325,4247,4247
0.0052199499312975215,4247,4241
0.005167750431984546,4241,4238
0.0051160729276647,4238,4238
0.005064912198388054,4238,4238
0.0050142630764041735,4238,4238
0.004964120445640131,4238,4234
0.00491447924118373,4234,4232
0.004865334448771893,4232,4232
0.004816681104284174,4232,4232
0.004768514293241332,4232,4222
0.004720829150308918,4222,4220
0.004673620858805829,4220,4211
0.004626884650217771,4211,4209
0.004580615803715593,4209,4209
0.004534809645678437,4209,4207
0.004489461549221653,4207,4207
0.004444566933729436,4207,4207
0.004400121264392142,4207,4207
0.00435612005174822,4207,4207
0.004312558851230738,4207,4207
0.004269433262718431,4207,4207
0.004226738930091246,4207,4197
0.004184471540790334,4197,4193
0.004142626825382431,4193,4193
0.004101200557128606,4193,4187
0.00406018855155732,4187,4183
0.004019586666041746,4183,4179
0.003979390799381329,4179,4177
0.003939596891387515,4177,4175
0.00390020092247364,4175,4175
0.0038611989132489033,4175,4169
0.0038225869241164142,4169,4169
0.00378436105487525,4169,4167
0.0037465174443264975,4167,4165
0.0037090522698832325,4165,4165
0.0036719617471844004,4165,4165
0.003635242129712556,4165,4163
0.0035988897084154306,4163,4163
0.0035629008113312764,4163,4163
0.0035272718032179637,4163,4163
0.003491999085185784,4163,4163
0.003457079094333926,4163,4163
0.003422508303390587,4163,4163
0.003388283220356681,4163,4163
0.0033544003881531143,4163,4163
0.003320856384271583,4163,4161
0.003287647820428867,4161,4158
0.0032547713422245786,4158,4158
0.003222223628802333,4158,4158
0.0031900013925143097,4158,4158
0.0031581013785891665,4158,4156
0.0031265203648032746,4156,4154
0.003095255161155242,4154,4152
0.0030643026095436895,4152,4150
0.0030336595834482526,4150,4150
0.00300332298761377,4150,4150
0.0029732897577376322,4150,4150
0.002943556860160256,4150,4150
0.0029141212915586535,4150,4144
0.002884980078643067,4144,4142
0.0028561302778566363,4142,4140
0.00282756897507807,4140,4140
0.002799293285327289,4140,4140
0.002771300352474016,4140,4136
0.0027435873489492757,4136,4134
0.002716151475459783,4134,4130
0.0026889899607051852,4130,4128
0.002662100061098133,4128,4126
0.0026354790604871518,4126,4126
0.00260912426988228,4126,4126
0.0025830330271834575,4126,4126
0.0025572026969116228,4126,4126
0.0025316306699425064,4126,4126
0.0025063143632430814,4126,4126
0.0024812512196106507,4126,4124
0.002456438707414544,4124,4124
0.0024318743203403984,4124,4124
0.0024075555771369945,4124,4124
0.0023834800213656244,4124,4118
0.0023596452211519683,4118,4116
0.0023360487689404485,4116,4116
0.002312688281251044,4116,4116
0.0022895613984385333,4116,4116
0.002266665784454148,4116,4116
0.0022439991266096065,4116,4114
0.0022215591353435104,4114,4114
0.002199343543990075,4114,4112
0.0021773501085501743,4112,4112
0.0021555766074646725,4112,4112
0.0021340208413900257,4112,4110
0.0021126806329761255,4110,4110
0.002091553826646364,4110,4110
0.0020706382883799003,4110,4110
0.0020499319054961013,4110,4110
0.0020294325864411403,4110,4110
0.0020091382605767288,4110,4108
0.0019890468779709615,4108,4108
0.0019691564091912517,4108,4108
0.0019494648450993392,4108,4104
0.0019299701966483459,4104,4102
0.0019106704946818625,4102,4102
0.0018915637897350438,4102,4102
0.0018726481518376934,4102,4102
0.0018539216703193165,4102,4098
0.0018353824536161234,4098,4098
0.0018170286290799622,4098,4096
0.0017988583427891625,4096,4090
0.001780869759361271,4090,4090
0.0017630610617676583,4090,4090
0.0017454304511499816,4090,4086
0.0017279761466384817,4086,4086
0.001710696385172097,4086,4084
0.001693589421320376,4084,4084
0.0016766535271071723,4084,4082
0.0016598869918361006,4082,4074
0.0016432881219177397,4074,4072
0.0016268552406985624,4072,4072
0.0016105866882915767,4072,4072
0.001594480821408661,4072,4072
0.0015785360131945745,4072,4072
0.0015627506530626288,4072,4070
0.0015471231465320025,4070,4068
0.0015316519150666826,4068,4068
0.0015163353959160156,4068,4064
0.0015011720419568554,4064,4064
0.0014861603215372869,4064,4064
0.001471298718321914,4064,4064
0.0014565857311386948,4064,4064
0.0014420198738273077,4064,4062
0.0014275996750890347,4062,4062
0.0014133236783381443,4062,4062
0.0013991904415547628,4062,4062
0.0013851985371392153,4062,4062
0.0013713465517678231,4062,4062
0.0013576330862501448,4062,4062
0.0013440567553876434,4062,4062
0.001330616187833767,4062,4062
0.0013173100259554294,4062,4062
0.001304136925695875,4062,4062
0.0012910955564389163,4062,4062
0.0012781846008745271,4062,4062
0.0012654027548657818,4062,4060
0.001252748727317124,4060,4060
0.0012402212400439527,4060,4060
0.0012278190276435131,4060,4060
0.001215540837367078,4060,4060
0.0012033854289934072,4060,4060
0.0011913515747034732,4060,4058
0.0011794380589564384,4058,4058
0.001167643678366874,4058,4058
0.0011559672415832054,4058,4058
0.0011444075691673735,4058,4058
0.0011329634934756996,4058,4058
0.0011216338585409427,4058,4056
0.0011104175199555333,4056,4056
0.0010993133447559779,4056,4056
0.001088320211308418,4056,4054
0.0010774370091953338,4054,4044
0.0010666626391033806,4044,4042
0.0010559960127123468,4042,4042
0.0010454360525852234,4042,4042
0.001034981692059371,4042,4042
0.0010246318751387774,4042,4042
0.0010143855563873897,4042,4036
0.0010042417008235159,4036,4036
0.0009941992838152806,4036,4036
